{
  "train_loss": [
    1.0705772520065309,
    0.5263035840511322,
    0.3952905104637146,
    0.32562452075481413,
    0.2826489103794098,
    0.27428865451812745,
    0.19816173903942108,
    0.1534485095143318,
    0.1263782827436924,
    0.10479890750646591
  ],
  "val_loss": [
    0.7007340559959412,
    0.4810614995956421,
    0.39656092882156374,
    0.37999274468421934,
    0.3325762982368469,
    0.28266128396987916,
    0.23950688123703004,
    0.21315078401565551,
    0.19787714278697968,
    0.1787241427898407
  ],
  "train_acc": [
    0.7558,
    0.8793,
    0.9026,
    0.9199,
    0.9285,
    0.9228,
    0.9416,
    0.9525,
    0.9622,
    0.97
  ],
  "val_acc": [
    0.828,
    0.866,
    0.896,
    0.894,
    0.888,
    0.906,
    0.914,
    0.924,
    0.928,
    0.938
  ]
}