{
  "train_loss": [
    1.0377839087486267,
    0.6159853734016418,
    0.5042053543567657,
    0.3994055726289749,
    0.38613366689682005,
    0.294208216881752,
    0.2757651429414749,
    0.24543299405574798,
    0.2284247308254242,
    0.21178685240149497
  ],
  "val_loss": [
    0.7683511352539063,
    0.5039133105278015,
    0.5651204576492309,
    0.5064450421333313,
    0.8077955803871155,
    0.5391649384498596,
    0.33166322219371797,
    0.22378351044654846,
    0.20258291906118392,
    0.20413518244028092
  ],
  "train_acc": [
    0.642,
    0.7826,
    0.8242,
    0.8651,
    0.8681,
    0.8989,
    0.9065,
    0.9183,
    0.9194,
    0.9293
  ],
  "val_acc": [
    0.746,
    0.804,
    0.814,
    0.832,
    0.76,
    0.818,
    0.884,
    0.924,
    0.944,
    0.932
  ]
}