{
  "train_loss": [
    0.6276558325767517,
    0.3553474023461342,
    0.2775574630022049,
    0.2360596357345581,
    0.20546008943319322,
    0.14751550207138062,
    0.12956754851937294,
    0.11706842247545719,
    0.11367408930659294,
    0.1126433751553297
  ],
  "val_loss": [
    0.43497416162490843,
    0.40007577753067014,
    0.3369125757217407,
    0.36536650133132936,
    0.293057471036911,
    0.23590391528606414,
    0.2240892995595932,
    0.21635210633277893,
    0.2054915461540222,
    0.2024674677848816
  ],
  "train_acc": [
    0.7925,
    0.8786,
    0.9042,
    0.9177,
    0.9298,
    0.9483,
    0.9561,
    0.9615,
    0.9619,
    0.9616
  ],
  "val_acc": [
    0.856,
    0.848,
    0.886,
    0.882,
    0.892,
    0.916,
    0.918,
    0.92,
    0.926,
    0.932
  ]
}