{
  "top1_accuracy": 0.966,
  "macro_f1": 0.9650451075242297,
  "weighted_f1": 0.9658579423840712,
  "inference_seconds_per_image": 0.00019470062500204222,
  "total_parameters": 1528106,
  "trainable_parameters_final": 1245738
}