{
  "train_loss": [
    1.0865865275382995,
    0.5779939171791076,
    0.4799631776332855,
    0.4116221034526825,
    0.404240884065628,
    0.2915320459127426,
    0.19482987707853316,
    0.15344835170507432,
    0.12434879839122295,
    0.10121269843280316
  ],
  "val_loss": [
    0.6716118206977845,
    0.5382145552635192,
    0.4722219715118408,
    0.46270559096336367,
    0.42145279836654664,
    0.29887226343154905,
    0.23999684405326843,
    0.1984840340614319,
    0.1739560090303421,
    0.18562204945087432
  ],
  "train_acc": [
    0.6892,
    0.8345,
    0.8538,
    0.8736,
    0.8705,
    0.9088,
    0.9399,
    0.9525,
    0.9622,
    0.9706
  ],
  "val_acc": [
    0.81,
    0.84,
    0.846,
    0.82,
    0.858,
    0.906,
    0.926,
    0.93,
    0.944,
    0.936
  ]
}