{
  "train_loss": [
    1.560547444152832,
    0.926673533821106,
    0.728408629322052,
    0.6155222102165222,
    0.5704985709190369,
    0.38753170359134675,
    0.24080873091220856,
    0.18101759428977968,
    0.14433508814573287,
    0.11714950489997863
  ],
  "val_loss": [
    1.092945369720459,
    0.795775942325592,
    0.6772982182502747,
    0.6245533246994018,
    0.5609732344150543,
    0.3436807799339294,
    0.265957111954689,
    0.21313824009895324,
    0.18184579873085022,
    0.1801639440059662
  ],
  "train_acc": [
    0.5677,
    0.7797,
    0.8149,
    0.8389,
    0.8404,
    0.8889,
    0.9313,
    0.9488,
    0.96,
    0.969
  ],
  "val_acc": [
    0.726,
    0.79,
    0.81,
    0.796,
    0.832,
    0.898,
    0.926,
    0.936,
    0.946,
    0.942
  ]
}