{
  "train_loss": [
    1.0865865275382995,
    0.5779939171791076,
    0.4799631776332855,
    0.4116221034526825,
    0.404240884065628,
    0.36948039331436155,
    0.3507843412160873,
    0.34360699577331544,
    0.3359573219060898,
    0.33375410468578337
  ],
  "val_loss": [
    0.6716118206977845,
    0.5382145552635192,
    0.4722219715118408,
    0.46270559096336367,
    0.42145279836654664,
    0.40906028962135316,
    0.4175321755409241,
    0.37616405391693114,
    0.350615825176239,
    0.426084032535553
  ],
  "train_acc": [
    0.6892,
    0.8345,
    0.8538,
    0.8736,
    0.8705,
    0.8827,
    0.8862,
    0.8874,
    0.8892,
    0.89
  ],
  "val_acc": [
    0.81,
    0.84,
    0.846,
    0.82,
    0.858,
    0.866,
    0.844,
    0.868,
    0.866,
    0.858
  ]
}